<!--COMMENT HERE-->
<Settings>
<Software>
<Language>3</Language>
<InstallationDir>C:\Z99CompleteSource\WindowsSoftware</InstallationDir>
<GlobalMargeX>0</GlobalMargeX>
<GlobalMargeY>0</GlobalMargeY>
<IconColor>11796479</IconColor>
<FormColor>16777192</FormColor>
<FondColor>16777215</FondColor>
<Language>3</Language>
<SelectedCommandAction>5</SelectedCommandAction>
</Software>
<Output>
<TheScaledOutput>11</TheScaledOutput>
<CustomDimX>41.62</CustomDimX>
<CustomDimY>28.75</CustomDimY>
<TheScaledCutterOutput>4</TheScaledCutterOutput>
<CustomCutterDimX>160</CustomCutterDimX>
<CustomCutterDimY>100</CustomCutterDimY>
</Output>
<Hardware>
<Comport>COM3</Comport>
<Baudrate>57600</Baudrate>
<xShaftLength>500</xShaftLength>
<yShaftLength>500</yShaftLength>
<xTotalGround>347.5</xTotalGround>
<yTotalGround>386.5</yTotalGround>
</Hardware>
<Plotter>
<PlotXYTravelSpeed>40</PlotXYTravelSpeed>
<PlotXYWorkSpeed>10</PlotXYWorkSpeed>
<PlotZUpSpeed>50</PlotZUpSpeed>
<PlotZDownSpeed>50</PlotZDownSpeed>
<PlotZUpPosition>4.8</PlotZUpPosition>
<PlotZDownPosition>10.3</PlotZDownPosition>
</Plotter>
<Cutter>
<CutXYTravelSpeed>40</CutXYTravelSpeed>
<CutXYWorkSpeed>30</CutXYWorkSpeed>
<CutZUpSpeed>50</CutZUpSpeed>
<CutZDownSpeed>50</CutZDownSpeed>
<CutZUpPosition>5.23</CutZUpPosition>
<CutZDownPosition>11.9</CutZDownPosition>
</Cutter>
<Drill>
<DrillXYTravelSpeed>50</DrillXYTravelSpeed>
<DrillZUpSpeed>25</DrillZUpSpeed>
<DrillZDownSpeed>25</DrillZDownSpeed>
<DrillZUpPosition>5.273</DrillZUpPosition>
<DrillZDownPosition>5.456</DrillZDownPosition>
</Drill>
<Dispenser>
<DispXYTravelSpeed>50</DispXYTravelSpeed>
<DispXYWorkSpeed>50</DispXYWorkSpeed>
<DispZUpSpeed>50</DispZUpSpeed>
<DispZDownSpeed>50</DispZDownSpeed>
<DispZUpPosition>2.5</DispZUpPosition>
<DispZDownPosition>10.5</DispZDownPosition>
</Dispenser>
<Mill>
<MillXYTravelSpeed>25</MillXYTravelSpeed>
<MillXYWorkSpeed>25</MillXYWorkSpeed>
<MillZUpSpeed>25</MillZUpSpeed>
<MillZDownSpeed>25</MillZDownSpeed>
<MillZUpPosition>8.2</MillZUpPosition>
<MillZDownPosition>10.9</MillZDownPosition>
</Mill>
</Settings>
